family_id,family_name,geometry,construction,supplier_product_identity,pressure,vertical_stiffness,lateral_stiffness,longitudinal_stiffness,load_sensitivity,camber_behavior,aligning_torque_trail,relaxation_transient,thermal_architecture,thermal_numeric_calibration,wet_intermediate,wear,degradation,compound_menu,high_speed_growth,failure_behavior,stint_durability,force_moment_data,overall_confidence_score,strongest_evidence_dimensions,weakest_evidence_dimensions,p0_p1_gaps,historical_defensibility_status,supporting_evidence_records,pre_calspan_score,calspan_applicability,architecture_readiness,calspan_digitized_curve_points,numeric_calibration_change,evidence_architecture_uplift,post_calspan_score,pre_calspan_rank,promotion_status,score_interpretation,post_calspan_rank,rank_change
FAM064,2026+ WEC Hypercar Michelin Pilot Sport Endurance,10.0,9.0,10.0,7.3,5.5,5.5,5.5,5.5,5.5,5.5,5.5,7.8,5.5,7.5,6.6,6.6,9.6,5.7,5.9,9.1,5.8,6.9,geometry; supplier_product_identity; compound_menu; stint_durability,aligning_torque_trail; camber_behavior; lateral_stiffness; load_sensitivity,aligning_torque_trail; camber_behavior; lateral_stiffness; load_sensitivity,defensible with bounded inference,13,6.9,MECHANISM_ONLY,100.0,0,0.0,0.2,7.1,1,BLOCKED — no digitized curves; racing applicability review required,"Architecture/evidence-routing readiness only; not added grip, stiffness, pressure, thermal or wear calibration confidence",1,0
FAM065,2023+ IMSA GTP / LMDh Michelin control,10.0,8.7,10.0,5.7,5.7,5.7,5.7,5.7,5.7,5.7,5.7,7.8,5.7,7.7,6.7,6.7,9.8,5.7,5.7,8.8,5.8,6.9,geometry; supplier_product_identity; compound_menu; stint_durability,aligning_torque_trail; camber_behavior; failure_behavior; high_speed_growth,aligning_torque_trail; camber_behavior; failure_behavior; high_speed_growth,defensible with bounded inference,6,6.9,MECHANISM_ONLY,100.0,0,0.0,0.2,7.1,2,BLOCKED — no digitized curves; racing applicability review required,"Architecture/evidence-routing readiness only; not added grip, stiffness, pressure, thermal or wear calibration confidence",2,0
FAM010,Early-90s BPR / Le Mans GT radial,10.0,10.0,10.0,5.5,5.5,5.5,5.5,5.5,5.5,5.5,5.5,6.5,5.5,9.6,7.0,5.5,8.0,5.5,5.5,5.5,5.5,6.6,construction; geometry; supplier_product_identity; wet_intermediate,aligning_torque_trail; camber_behavior; degradation; failure_behavior,aligning_torque_trail; camber_behavior; degradation; failure_behavior,defensible with bounded inference,8,6.6,MECHANISM_ONLY,100.0,0,0.0,0.2,6.8,3,BLOCKED — no digitized curves; racing applicability review required,"Architecture/evidence-routing readiness only; not added grip, stiffness, pressure, thermal or wear calibration confidence",3,0
FAM035,1968-70 world sportscar tread-to-slick transition,10.0,10.0,10.0,5.9,4.3,4.9,4.3,4.3,5.1,5.4,4.3,5.6,4.3,10.0,6.6,4.3,10.0,8.3,8.3,6.6,5.4,6.6,compound_menu; construction; geometry; supplier_product_identity,degradation; load_sensitivity; longitudinal_stiffness; relaxation_transient,degradation; load_sensitivity; longitudinal_stiffness; relaxation_transient,defensible with bounded inference,52,6.6,MECHANISM_ONLY,100.0,0,0.0,0.2,6.8,4,BLOCKED — no digitized curves; racing applicability review required,"Architecture/evidence-routing readiness only; not added grip, stiffness, pressure, thermal or wear calibration confidence",4,0
FAM063,2021-25 WEC Hypercar Michelin control,10.0,8.5,10.0,5.4,5.4,5.4,5.4,5.4,5.4,5.4,5.4,7.5,5.4,7.4,6.5,6.5,9.5,5.4,5.4,8.5,5.8,6.6,geometry; supplier_product_identity; compound_menu; construction,aligning_torque_trail; camber_behavior; failure_behavior; high_speed_growth,aligning_torque_trail; camber_behavior; failure_behavior; high_speed_growth,defensible with bounded inference,6,6.6,MECHANISM_ONLY,100.0,0,0.0,0.2,6.8,5,BLOCKED — no digitized curves; racing applicability review required,"Architecture/evidence-routing readiness only; not added grip, stiffness, pressure, thermal or wear calibration confidence",5,0
FAM066,2021+ LMP2 Goodyear control,10.0,10.0,10.0,8.2,5.1,5.1,5.1,5.1,8.2,5.1,5.1,5.1,5.1,7.1,6.7,5.1,7.3,5.1,5.1,8.2,5.1,6.5,construction; geometry; supplier_product_identity; camber_behavior,aligning_torque_trail; degradation; failure_behavior; force_moment_data,aligning_torque_trail; degradation; failure_behavior; force_moment_data,defensible with bounded inference,6,6.5,MECHANISM_ONLY,100.0,0,0.0,0.2,6.7,6,BLOCKED — no digitized curves; racing applicability review required,"Architecture/evidence-routing readiness only; not added grip, stiffness, pressure, thermal or wear calibration confidence",6,0
FAM069,2022+ IMSA GTD / GTD Pro Michelin control,10.0,9.1,10.0,6.5,5.0,5.0,5.0,5.0,6.5,5.0,5.0,5.0,5.0,9.6,6.5,5.0,10.0,5.0,5.0,8.1,5.0,6.5,compound_menu; geometry; supplier_product_identity; wet_intermediate,aligning_torque_trail; degradation; failure_behavior; force_moment_data,aligning_torque_trail; degradation; failure_behavior; force_moment_data,defensible with bounded inference,8,6.5,MECHANISM_ONLY,100.0,0,0.0,0.2,6.7,7,BLOCKED — no digitized curves; racing applicability review required,"Architecture/evidence-routing readiness only; not added grip, stiffness, pressure, thermal or wear calibration confidence",7,0
FAM054,Formula E Michelin 18-inch all-weather generation,8.2,9.3,10.0,5.2,5.2,5.2,5.2,5.2,5.2,5.2,5.2,7.3,5.2,9.3,5.2,5.2,10.0,5.2,5.2,8.3,5.2,6.4,compound_menu; supplier_product_identity; construction; wet_intermediate,aligning_torque_trail; camber_behavior; degradation; failure_behavior,aligning_torque_trail; camber_behavior; degradation; failure_behavior,architecture-correct but numerically weak,5,6.4,MECHANISM_ONLY,100.0,0,0.0,0.2,6.6,8,BLOCKED — no digitized curves; racing applicability review required,"Architecture/evidence-routing readiness only; not added grip, stiffness, pressure, thermal or wear calibration confidence",8,0
FAM056,Modern INDYCAR Firestone road/street primary-alt-wet,10.0,10.0,10.0,5.4,5.4,5.4,5.4,5.4,5.4,7.0,5.4,7.0,5.4,7.4,5.4,5.4,7.4,5.4,5.4,5.4,5.8,6.4,construction; geometry; supplier_product_identity; compound_menu,camber_behavior; degradation; failure_behavior; high_speed_growth,camber_behavior; degradation; failure_behavior; high_speed_growth,architecture-correct but numerically weak,3,6.4,MECHANISM_ONLY,100.0,0,0.0,0.2,6.6,9,BLOCKED — no digitized curves; racing applicability review required,"Architecture/evidence-routing readiness only; not added grip, stiffness, pressure, thermal or wear calibration confidence",9,0
FAM080,1990s IMSA WSC prototype radial,10.0,10.0,10.0,8.1,5.3,5.3,5.3,5.3,5.3,5.3,5.3,5.3,5.3,7.3,5.3,5.3,8.9,5.3,5.3,5.3,5.3,6.4,construction; geometry; supplier_product_identity; compound_menu,aligning_torque_trail; camber_behavior; degradation; failure_behavior,"Direct WSC sizes, setup sheets and stint telemetry",architecture-correct but numerically weak,17,6.4,MECHANISM_ONLY,100.0,0,0.0,0.2,6.6,10,BLOCKED — no digitized curves; racing applicability review required,"Architecture/evidence-routing readiness only; not added grip, stiffness, pressure, thermal or wear calibration confidence",10,0
FAM059,Formula Regional first-generation Pirelli control,10.0,10.0,10.0,5.2,5.2,5.2,5.2,5.2,5.2,5.2,5.2,9.2,5.2,8.2,5.2,5.2,7.2,5.2,5.2,5.2,5.2,6.3,construction; geometry; supplier_product_identity; thermal_architecture,aligning_torque_trail; camber_behavior; degradation; failure_behavior,aligning_torque_trail; camber_behavior; degradation; failure_behavior,architecture-correct but numerically weak,5,6.3,MECHANISM_ONLY,100.0,0,0.0,0.2,6.5,11,BLOCKED — no digitized curves; racing applicability review required,"Architecture/evidence-routing readiness only; not added grip, stiffness, pressure, thermal or wear calibration confidence",11,0
FAM068,2024+ WEC LMGT3 Goodyear control,8.9,7.3,9.9,5.3,5.3,5.3,5.3,5.3,5.3,5.3,5.3,5.3,5.3,9.9,5.3,5.3,9.9,5.3,5.3,6.9,5.3,6.3,compound_menu; supplier_product_identity; wet_intermediate; geometry,aligning_torque_trail; camber_behavior; degradation; failure_behavior,aligning_torque_trail; camber_behavior; degradation; failure_behavior,architecture-correct but numerically weak,2,6.3,MECHANISM_ONLY,100.0,0,0.0,0.2,6.5,12,BLOCKED — no digitized curves; racing applicability review required,"Architecture/evidence-routing readiness only; not added grip, stiffness, pressure, thermal or wear calibration confidence",12,0
FAM003,Dunlop R5 nylon treaded GP generation,10.0,10.0,10.0,6.6,5.0,5.0,5.0,5.0,5.0,5.0,5.0,5.0,5.0,7.0,5.0,5.0,8.7,5.0,5.0,5.0,5.0,6.1,construction; geometry; supplier_product_identity; compound_menu,aligning_torque_trail; camber_behavior; degradation; failure_behavior,aligning_torque_trail; camber_behavior; degradation; failure_behavior,architecture-correct but numerically weak,8,6.1,MECHANISM_ONLY,100.0,0,0.0,0.2,6.3,13,BLOCKED — no digitized curves; racing applicability review required,"Architecture/evidence-routing readiness only; not added grip, stiffness, pressure, thermal or wear calibration confidence",13,0
FAM050,2020+ FIA Formula 2 18-inch Pirelli control,7.6,7.6,7.6,5.6,5.6,5.6,5.6,5.6,5.6,5.6,5.6,5.6,5.6,7.6,5.6,5.6,7.6,5.6,5.6,5.6,5.6,6.1,compound_menu; construction; geometry; supplier_product_identity,aligning_torque_trail; camber_behavior; degradation; failure_behavior,aligning_torque_trail; camber_behavior; degradation; failure_behavior,architecture-correct but numerically weak,0,6.1,MECHANISM_ONLY,100.0,0,0.0,0.2,6.3,14,BLOCKED — no digitized curves; racing applicability review required,"Architecture/evidence-routing readiness only; not added grip, stiffness, pressure, thermal or wear calibration confidence",14,0
FAM060,2026+ Formula Regional second-generation 15-inch Pirelli,9.2,10.0,10.0,5.1,5.1,5.1,5.1,5.1,5.1,5.1,5.1,6.2,5.1,8.2,5.1,5.1,7.1,5.1,5.1,5.1,5.1,6.1,construction; supplier_product_identity; geometry; wet_intermediate,aligning_torque_trail; camber_behavior; degradation; failure_behavior,aligning_torque_trail; camber_behavior; degradation; failure_behavior,architecture-correct but numerically weak,3,6.1,MECHANISM_ONLY,100.0,0,0.0,0.2,6.3,15,BLOCKED — no digitized curves; racing applicability review required,"Architecture/evidence-routing readiness only; not added grip, stiffness, pressure, thermal or wear calibration confidence",15,0
FAM076,1970s IMSA GT / Trans-Am slick,8.9,8.7,7.1,6.9,5.1,5.1,5.1,5.1,5.1,5.3,6.9,6.9,5.1,7.1,5.1,5.1,7.1,6.9,5.1,5.1,5.1,6.1,geometry; construction; compound_menu; supplier_product_identity,camber_behavior; degradation; failure_behavior; force_moment_data,"Separate GTU/GTO size, load and supplier data",architecture-correct but numerically weak,2,6.1,MECHANISM_ONLY,100.0,0,0.0,0.2,6.3,16,BLOCKED — no digitized curves; racing applicability review required,"Architecture/evidence-routing readiness only; not added grip, stiffness, pressure, thermal or wear calibration confidence",16,0
FAM078,1990s NASCAR radial transition,7.5,7.5,7.7,5.7,5.5,5.5,5.5,5.5,5.7,5.5,5.5,5.7,5.5,7.5,5.5,5.5,7.7,5.5,5.5,5.5,5.5,6.0,compound_menu; supplier_product_identity; construction; geometry,aligning_torque_trail; degradation; failure_behavior; force_moment_data,Year-by-year radial rollout and exact track codes,architecture-correct but numerically weak,1,6.0,MECHANISM_ONLY,100.0,0,0.0,0.2,6.2,17,BLOCKED — no digitized curves; racing applicability review required,"Architecture/evidence-routing readiness only; not added grip, stiffness, pressure, thermal or wear calibration confidence",17,0
FAM079,1990s Super Touring radial,7.5,7.5,7.5,5.5,5.5,5.5,5.5,5.5,5.5,5.5,5.5,5.5,5.5,7.5,5.5,5.5,7.5,5.5,5.5,5.5,5.5,6.0,compound_menu; construction; geometry; supplier_product_identity,aligning_torque_trail; camber_behavior; degradation; failure_behavior,Series supplier setup sheets and FWD axle temperature data,architecture-correct but numerically weak,0,6.0,MECHANISM_ONLY,100.0,0,0.0,0.2,6.2,18,BLOCKED — no digitized curves; racing applicability review required,"Architecture/evidence-routing readiness only; not added grip, stiffness, pressure, thermal or wear calibration confidence",18,0
FAM082,1990s CART road/oval radial,7.5,7.5,7.5,5.5,5.5,5.5,5.5,5.5,5.5,5.5,5.5,5.5,5.5,7.5,5.5,5.5,7.5,5.5,5.5,5.5,5.5,6.0,compound_menu; construction; geometry; supplier_product_identity,aligning_torque_trail; camber_behavior; degradation; failure_behavior,"Period CART setup guides, pressure ranges and oval construction data",architecture-correct but numerically weak,0,6.0,MECHANISM_ONLY,100.0,0,0.0,0.2,6.2,19,BLOCKED — no digitized curves; racing applicability review required,"Architecture/evidence-routing readiness only; not added grip, stiffness, pressure, thermal or wear calibration confidence",19,0
FAM001,Pre-war GP / record racing pneumatic,7.4,7.4,7.4,5.4,5.4,5.4,5.4,5.4,5.4,5.4,5.4,5.4,5.4,7.4,5.4,5.4,7.4,5.4,5.4,5.4,5.4,5.9,compound_menu; construction; geometry; supplier_product_identity,aligning_torque_trail; camber_behavior; degradation; failure_behavior,"Period F&M, inflation pressure, casing/ply, compound and tire-life evidence remain sparse; pre-1930 numerical physics is proxy-based.",architecture-correct but numerically weak,0,5.9,MECHANISM_ONLY,100.0,0,0.0,0.2,6.1,20,BLOCKED — no digitized curves; racing applicability review required,"Architecture/evidence-routing readiness only; not added grip, stiffness, pressure, thermal or wear calibration confidence",20,0
FAM047,2017-21 Formula 1 wide 13-inch Pirelli,7.4,7.4,7.4,5.4,5.4,5.4,5.4,5.4,5.4,5.4,5.4,5.4,5.4,7.4,5.4,5.4,7.4,5.4,5.4,5.4,5.4,5.9,compound_menu; construction; geometry; supplier_product_identity,aligning_torque_trail; camber_behavior; degradation; failure_behavior,aligning_torque_trail; camber_behavior; degradation; failure_behavior,architecture-correct but numerically weak,0,5.9,MECHANISM_ONLY,100.0,0,0.0,0.2,6.1,21,BLOCKED — no digitized curves; racing applicability review required,"Architecture/evidence-routing readiness only; not added grip, stiffness, pressure, thermal or wear calibration confidence",21,0
FAM048,2022-25 Formula 1 18-inch Pirelli,7.4,7.4,7.4,5.4,5.4,5.4,5.4,5.4,5.4,5.4,5.4,5.4,5.4,7.4,5.4,5.4,7.4,5.4,5.4,5.4,5.4,5.9,compound_menu; construction; geometry; supplier_product_identity,aligning_torque_trail; camber_behavior; degradation; failure_behavior,aligning_torque_trail; camber_behavior; degradation; failure_behavior,architecture-correct but numerically weak,0,5.9,MECHANISM_ONLY,100.0,0,0.0,0.2,6.1,22,BLOCKED — no digitized curves; racing applicability review required,"Architecture/evidence-routing readiness only; not added grip, stiffness, pressure, thermal or wear calibration confidence",22,0
FAM057,Modern INDYCAR Firestone track-specific oval,8.9,8.7,8.9,5.2,5.2,5.2,5.2,5.2,5.2,5.2,5.2,5.2,5.2,7.4,5.2,5.2,7.2,5.2,5.2,5.2,5.2,5.9,geometry; supplier_product_identity; construction; wet_intermediate,aligning_torque_trail; camber_behavior; degradation; failure_behavior,aligning_torque_trail; camber_behavior; degradation; failure_behavior,architecture-correct but numerically weak,2,5.9,MECHANISM_ONLY,100.0,0,0.0,0.2,6.1,23,BLOCKED — no digitized curves; racing applicability review required,"Architecture/evidence-routing readiness only; not added grip, stiffness, pressure, thermal or wear calibration confidence",23,0
FAM081,1990s JGTC GT radial,7.4,7.4,7.4,5.4,5.4,5.4,5.4,5.4,5.4,5.4,5.4,5.4,5.4,7.4,5.4,5.4,7.4,5.4,5.4,5.4,5.4,5.9,compound_menu; construction; geometry; supplier_product_identity,aligning_torque_trail; camber_behavior; degradation; failure_behavior,"Supplier fitment, exact sizes and compound menus by season",architecture-correct but numerically weak,0,5.9,MECHANISM_ONLY,100.0,0,0.0,0.2,6.1,24,BLOCKED — no digitized curves; racing applicability review required,"Architecture/evidence-routing readiness only; not added grip, stiffness, pressure, thermal or wear calibration confidence",24,0
FAM085,1990s IMSA GTS / Trans-Am radial,7.4,7.4,7.4,5.4,5.4,5.4,5.4,5.4,5.4,5.4,5.4,5.4,5.4,7.4,5.4,5.4,7.4,5.4,5.4,5.4,5.4,5.9,compound_menu; construction; geometry; supplier_product_identity,aligning_torque_trail; camber_behavior; degradation; failure_behavior,"Exact class/supplier dimensions, pressures and stint falloff",architecture-correct but numerically weak,0,5.9,MECHANISM_ONLY,100.0,0,0.0,0.2,6.1,25,BLOCKED — no digitized curves; racing applicability review required,"Architecture/evidence-routing readiness only; not added grip, stiffness, pressure, thermal or wear calibration confidence",25,0
FAM039,1982-86 turbo Formula 1 radial qualifier era,7.3,7.3,7.3,5.3,5.3,5.3,5.3,5.3,5.3,5.3,5.3,5.3,5.3,7.3,5.3,5.3,7.3,5.3,5.3,5.3,5.3,5.8,compound_menu; construction; geometry; supplier_product_identity,aligning_torque_trail; camber_behavior; degradation; failure_behavior,aligning_torque_trail; camber_behavior; degradation; failure_behavior,architecture-correct but numerically weak,0,5.8,MECHANISM_ONLY,100.0,0,0.0,0.2,6.0,26,BLOCKED — no digitized curves; racing applicability review required,"Architecture/evidence-routing readiness only; not added grip, stiffness, pressure, thermal or wear calibration confidence",26,0
FAM043,2001-06 Formula 1 Michelin/Bridgestone grooved tire-war,8.2,7.2,8.8,5.2,5.2,5.2,5.2,5.2,5.2,5.2,5.2,5.2,5.2,7.2,5.2,5.2,7.2,5.2,5.2,5.2,5.2,5.8,supplier_product_identity; geometry; compound_menu; construction,aligning_torque_trail; camber_behavior; degradation; failure_behavior,aligning_torque_trail; camber_behavior; degradation; failure_behavior,architecture-correct but numerically weak,2,5.8,MECHANISM_ONLY,100.0,0,0.0,0.2,6.0,27,BLOCKED — no digitized curves; racing applicability review required,"Architecture/evidence-routing readiness only; not added grip, stiffness, pressure, thermal or wear calibration confidence",27,0
FAM049,2026+ Formula 1 narrower 18-inch Pirelli,7.3,7.3,7.3,5.3,5.3,5.3,5.3,5.3,5.3,5.3,5.3,5.3,5.3,7.3,5.3,5.3,7.3,5.3,5.3,5.3,5.3,5.8,compound_menu; construction; geometry; supplier_product_identity,aligning_torque_trail; camber_behavior; degradation; failure_behavior,aligning_torque_trail; camber_behavior; degradation; failure_behavior,architecture-correct but numerically weak,0,5.8,MECHANISM_ONLY,100.0,0,0.0,0.2,6.0,28,BLOCKED — no digitized curves; racing applicability review required,"Architecture/evidence-routing readiness only; not added grip, stiffness, pressure, thermal or wear calibration confidence",28,0
FAM052,2025+ FIA Formula 3 16-inch Pirelli control,7.3,7.3,7.3,5.3,5.3,5.3,5.3,5.3,5.3,5.3,5.3,5.3,5.3,7.3,5.3,5.3,7.3,5.3,5.3,5.3,5.3,5.8,compound_menu; construction; geometry; supplier_product_identity,aligning_torque_trail; camber_behavior; degradation; failure_behavior,aligning_torque_trail; camber_behavior; degradation; failure_behavior,architecture-correct but numerically weak,0,5.8,MECHANISM_ONLY,100.0,0,0.0,0.2,6.0,29,BLOCKED — no digitized curves; racing applicability review required,"Architecture/evidence-routing readiness only; not added grip, stiffness, pressure, thermal or wear calibration confidence",29,0
FAM053,2023+ F1 Academy 13-inch Pirelli control,7.3,7.3,7.3,5.3,5.3,5.3,5.3,5.3,5.3,5.3,5.3,5.3,5.3,7.3,5.3,5.3,7.3,5.3,5.3,5.3,5.3,5.8,compound_menu; construction; geometry; supplier_product_identity,aligning_torque_trail; camber_behavior; degradation; failure_behavior,aligning_torque_trail; camber_behavior; degradation; failure_behavior,architecture-correct but numerically weak,0,5.8,MECHANISM_ONLY,100.0,0,0.0,0.2,6.0,30,BLOCKED — no digitized curves; racing applicability review required,"Architecture/evidence-routing readiness only; not added grip, stiffness, pressure, thermal or wear calibration confidence",30,0
FAM077,1970s-80s NASCAR bias-ply oval,7.3,7.3,7.3,5.3,5.3,5.3,5.3,5.3,5.3,5.3,5.3,5.3,5.3,7.3,5.3,5.3,7.3,5.3,5.3,5.3,5.3,5.8,compound_menu; construction; geometry; supplier_product_identity,aligning_torque_trail; camber_behavior; degradation; failure_behavior,Period D-number construction and track bulletin archive,architecture-correct but numerically weak,0,5.8,MECHANISM_ONLY,100.0,0,0.0,0.2,6.0,31,BLOCKED — no digitized curves; racing applicability review required,"Architecture/evidence-routing readiness only; not added grip, stiffness, pressure, thermal or wear calibration confidence",31,0
FAM055,Formula E Hankook Gen3 / Gen3 Evo all-weather,7.2,7.2,7.2,5.2,5.2,5.2,5.2,5.2,5.2,5.2,5.2,5.2,5.2,7.2,5.2,5.2,7.2,5.2,5.2,5.2,5.2,5.7,compound_menu; construction; geometry; supplier_product_identity,aligning_torque_trail; camber_behavior; degradation; failure_behavior,aligning_torque_trail; camber_behavior; degradation; failure_behavior,architecture-correct but numerically weak,0,5.7,MECHANISM_ONLY,100.0,0,0.0,0.2,5.9,32,BLOCKED — no digitized curves; racing applicability review required,"Architecture/evidence-routing readiness only; not added grip, stiffness, pressure, thermal or wear calibration confidence",32,0
FAM058,2023+ Super Formula SF23 Yokohama control,7.2,7.2,7.2,5.2,5.2,5.2,5.2,5.2,5.2,5.2,5.2,5.2,5.2,7.2,5.2,5.2,7.2,5.2,5.2,5.2,5.2,5.7,compound_menu; construction; geometry; supplier_product_identity,aligning_torque_trail; camber_behavior; degradation; failure_behavior,aligning_torque_trail; camber_behavior; degradation; failure_behavior,architecture-correct but numerically weak,0,5.7,MECHANISM_ONLY,100.0,0,0.0,0.2,5.9,33,BLOCKED — no digitized curves; racing applicability review required,"Architecture/evidence-routing readiness only; not added grip, stiffness, pressure, thermal or wear calibration confidence",33,0
FAM074,Can-Am / Group 7 high-power slick,7.6,7.2,7.6,5.2,5.2,5.2,5.2,5.2,5.2,5.2,5.2,5.2,5.2,7.2,5.2,5.2,7.2,5.4,5.4,5.2,5.2,5.7,geometry; supplier_product_identity; compound_menu; construction,aligning_torque_trail; camber_behavior; degradation; force_moment_data,"Exact supplier construction, pressures and rear-tire growth by season",architecture-correct but numerically weak,2,5.7,MECHANISM_ONLY,100.0,0,0.0,0.2,5.9,34,BLOCKED — no digitized curves; racing applicability review required,"Architecture/evidence-routing readiness only; not added grip, stiffness, pressure, thermal or wear calibration confidence",34,0
FAM051,2019-24 FIA Formula 3 13-inch Pirelli control,7.1,7.1,7.1,5.1,5.1,5.1,5.1,5.1,5.1,5.1,5.1,5.1,5.1,7.1,5.1,5.1,7.1,5.1,5.1,5.1,5.1,5.6,compound_menu; construction; geometry; supplier_product_identity,aligning_torque_trail; camber_behavior; degradation; failure_behavior,aligning_torque_trail; camber_behavior; degradation; failure_behavior,architecture-correct but numerically weak,0,5.6,MECHANISM_ONLY,100.0,0,0.0,0.2,5.8,35,BLOCKED — no digitized curves; racing applicability review required,"Architecture/evidence-routing readiness only; not added grip, stiffness, pressure, thermal or wear calibration confidence",35,0
FAM070,2025+ WRC Hankook tarmac dry/wet,7.1,7.1,7.1,5.1,5.1,5.1,5.1,5.1,5.1,5.1,5.1,5.1,5.1,7.1,5.1,5.1,7.1,5.1,5.1,5.1,5.1,5.6,compound_menu; construction; geometry; supplier_product_identity,aligning_torque_trail; camber_behavior; degradation; failure_behavior,aligning_torque_trail; camber_behavior; degradation; failure_behavior,architecture-correct but numerically weak,0,5.6,MECHANISM_ONLY,100.0,0,0.0,0.2,5.8,36,BLOCKED — no digitized curves; racing applicability review required,"Architecture/evidence-routing readiness only; not added grip, stiffness, pressure, thermal or wear calibration confidence",36,0
FAM071,2025+ WRC Hankook gravel,7.1,7.1,7.1,5.1,5.1,5.1,5.1,5.1,5.1,5.1,5.1,5.1,5.1,7.1,5.1,5.1,7.1,5.1,5.1,5.1,5.1,5.6,compound_menu; construction; geometry; supplier_product_identity,aligning_torque_trail; camber_behavior; degradation; failure_behavior,aligning_torque_trail; camber_behavior; degradation; failure_behavior,architecture-correct but numerically weak,0,5.6,MECHANISM_ONLY,100.0,0,0.0,0.2,5.8,37,BLOCKED — no digitized curves; racing applicability review required,"Architecture/evidence-routing readiness only; not added grip, stiffness, pressure, thermal or wear calibration confidence",37,0
FAM073,2022+ NASCAR Cup Next Gen 18-inch Goodyear,7.1,7.1,7.3,5.3,5.1,5.1,5.1,5.1,5.3,5.1,5.1,5.3,5.1,7.1,5.1,5.1,7.3,5.1,5.1,5.1,5.1,5.6,compound_menu; supplier_product_identity; construction; geometry,aligning_torque_trail; degradation; failure_behavior; force_moment_data,aligning_torque_trail; degradation; failure_behavior; force_moment_data,architecture-correct but numerically weak,1,5.6,MECHANISM_ONLY,100.0,0,0.0,0.2,5.8,38,BLOCKED — no digitized curves; racing applicability review required,"Architecture/evidence-routing readiness only; not added grip, stiffness, pressure, thermal or wear calibration confidence",38,0
FAM075,F2 / Formula Atlantic cross-ply slick,7.1,7.1,7.1,5.1,5.1,5.1,5.1,5.1,5.1,5.1,5.1,5.1,5.1,7.1,5.1,5.1,7.1,5.1,5.1,5.1,5.1,5.6,compound_menu; construction; geometry; supplier_product_identity,aligning_torque_trail; camber_behavior; degradation; failure_behavior,Series- and supplier-specific rates and compound windows,architecture-correct but numerically weak,0,5.6,MECHANISM_ONLY,100.0,0,0.0,0.2,5.8,39,BLOCKED — no digitized curves; racing applicability review required,"Architecture/evidence-routing readiness only; not added grip, stiffness, pressure, thermal or wear calibration confidence",39,0
FAM038,1977-81 Formula 1 radial/cross-ply transition,7.0,7.0,7.0,5.0,5.0,5.0,5.0,5.0,5.0,5.0,5.0,5.0,5.0,7.0,5.0,5.0,7.0,5.0,5.0,5.0,5.0,5.5,compound_menu; construction; geometry; supplier_product_identity,aligning_torque_trail; camber_behavior; degradation; failure_behavior,aligning_torque_trail; camber_behavior; degradation; failure_behavior,architecture-correct but numerically weak,0,5.5,MECHANISM_ONLY,100.0,0,0.0,0.2,5.7,40,BLOCKED — no digitized curves; racing applicability review required,"Architecture/evidence-routing readiness only; not added grip, stiffness, pressure, thermal or wear calibration confidence",40,0
FAM046,2011-16 Formula 1 Pirelli high-degradation 13-inch,7.0,7.0,7.0,5.0,5.0,5.0,5.0,5.0,5.0,5.0,5.0,5.0,5.0,7.0,5.0,5.0,7.0,5.0,5.0,5.0,5.0,5.5,compound_menu; construction; geometry; supplier_product_identity,aligning_torque_trail; camber_behavior; degradation; failure_behavior,aligning_torque_trail; camber_behavior; degradation; failure_behavior,architecture-correct but numerically weak,0,5.5,MECHANISM_ONLY,100.0,0,0.0,0.2,5.7,41,BLOCKED — no digitized curves; racing applicability review required,"Architecture/evidence-routing readiness only; not added grip, stiffness, pressure, thermal or wear calibration confidence",41,0
FAM067,2012-23 WEC GTE open-supplier endurance radial,7.4,7.3,8.3,5.3,4.7,4.7,4.7,4.7,4.9,4.7,4.7,5.1,4.7,6.7,4.7,4.7,7.1,6.0,6.0,4.9,4.7,5.5,supplier_product_identity; geometry; construction; compound_menu,aligning_torque_trail; degradation; force_moment_data; lateral_stiffness,aligning_torque_trail; degradation; force_moment_data; lateral_stiffness,architecture-correct but numerically weak,8,5.5,MECHANISM_ONLY,100.0,0,0.0,0.2,5.7,42,BLOCKED — no digitized curves; racing applicability review required,"Architecture/evidence-routing readiness only; not added grip, stiffness, pressure, thermal or wear calibration confidence",42,0
FAM072,2025+ WRC Hankook snow / studded ice,7.0,7.0,7.0,5.0,5.0,5.0,5.0,5.0,5.0,5.0,5.0,5.0,5.0,7.0,5.0,5.0,7.0,5.0,5.0,5.0,5.0,5.5,compound_menu; construction; geometry; supplier_product_identity,aligning_torque_trail; camber_behavior; degradation; failure_behavior,aligning_torque_trail; camber_behavior; degradation; failure_behavior,architecture-correct but numerically weak,0,5.5,MECHANISM_ONLY,100.0,0,0.0,0.2,5.7,43,BLOCKED — no digitized curves; racing applicability review required,"Architecture/evidence-routing readiness only; not added grip, stiffness, pressure, thermal or wear calibration confidence",43,0
FAM083,1990s rally tarmac radial,7.0,7.0,7.0,5.0,5.0,5.0,5.0,5.0,5.0,5.0,5.0,5.0,5.0,7.0,5.0,5.0,7.0,5.0,5.0,5.0,5.0,5.5,compound_menu; construction; geometry; supplier_product_identity,aligning_torque_trail; camber_behavior; degradation; failure_behavior,"Primary rally supplier temperature, pressure and pattern data",architecture-correct but numerically weak,0,5.5,MECHANISM_ONLY,100.0,0,0.0,0.2,5.7,44,BLOCKED — no digitized curves; racing applicability review required,"Architecture/evidence-routing readiness only; not added grip, stiffness, pressure, thermal or wear calibration confidence",44,0
FAM032,Dunlop R6/R7 synthetic-compound treaded GP evolution,8.4,8.3,10.0,6.0,4.4,4.4,4.4,4.4,4.4,4.4,4.4,4.4,4.4,6.4,4.4,4.4,9.2,4.4,4.4,4.4,4.4,5.4,supplier_product_identity; compound_menu; geometry; construction,aligning_torque_trail; camber_behavior; degradation; failure_behavior,aligning_torque_trail; camber_behavior; degradation; failure_behavior,architecture-correct but numerically weak,19,5.4,MECHANISM_ONLY,100.0,0,0.0,0.2,5.6,45,BLOCKED — no digitized curves; racing applicability review required,"Architecture/evidence-routing readiness only; not added grip, stiffness, pressure, thermal or wear calibration confidence",45,0
FAM002,1950s GP / sports treaded bias,9.6,9.6,9.6,4.4,3.6,3.6,3.6,3.6,3.6,3.6,3.6,3.6,3.6,7.7,5.8,3.6,9.6,3.6,5.7,6.3,3.6,5.3,compound_menu; construction; geometry; supplier_product_identity,aligning_torque_trail; camber_behavior; degradation; force_moment_data,aligning_torque_trail; camber_behavior; degradation; force_moment_data,architecture-correct but numerically weak,33,5.3,MECHANISM_ONLY,100.0,0,0.0,0.2,5.5,46,BLOCKED — no digitized curves; racing applicability review required,"Architecture/evidence-routing readiness only; not added grip, stiffness, pressure, thermal or wear calibration confidence",46,0
FAM042,1998-2000 Formula 1 early grooved radial,6.8,6.8,6.8,4.8,4.8,4.8,4.8,4.8,4.8,4.8,4.8,4.8,4.8,6.8,4.8,4.8,6.8,4.8,4.8,4.8,4.8,5.3,compound_menu; construction; geometry; supplier_product_identity,aligning_torque_trail; camber_behavior; degradation; failure_behavior,aligning_torque_trail; camber_behavior; degradation; failure_behavior,architecture-correct but numerically weak,0,5.3,MECHANISM_ONLY,100.0,0,0.0,0.2,5.5,47,BLOCKED — no digitized curves; racing applicability review required,"Architecture/evidence-routing readiness only; not added grip, stiffness, pressure, thermal or wear calibration confidence",47,0
FAM045,2009-10 Formula 1 Bridgestone control slick,6.8,6.8,6.8,4.8,4.8,4.8,4.8,4.8,4.8,4.8,4.8,4.8,4.8,6.8,4.8,4.8,6.8,4.8,4.8,4.8,4.8,5.3,compound_menu; construction; geometry; supplier_product_identity,aligning_torque_trail; camber_behavior; degradation; failure_behavior,aligning_torque_trail; camber_behavior; degradation; failure_behavior,architecture-correct but numerically weak,0,5.3,MECHANISM_ONLY,100.0,0,0.0,0.2,5.5,48,BLOCKED — no digitized curves; racing applicability review required,"Architecture/evidence-routing readiness only; not added grip, stiffness, pressure, thermal or wear calibration confidence",48,0
FAM084,1990s rally gravel radial,6.8,6.8,6.8,4.8,4.8,4.8,4.8,4.8,4.8,4.8,4.8,4.8,4.8,6.8,4.8,4.8,6.8,4.8,4.8,4.8,4.8,5.3,compound_menu; construction; geometry; supplier_product_identity,aligning_torque_trail; camber_behavior; degradation; failure_behavior,"Loose-surface force curves, carcass rates and wear evidence",architecture-correct but numerically weak,0,5.3,MECHANISM_ONLY,100.0,0,0.0,0.2,5.5,49,BLOCKED — no digitized curves; racing applicability review required,"Architecture/evidence-routing readiness only; not added grip, stiffness, pressure, thermal or wear calibration confidence",49,0
FAM037,1974-76 Formula 1 mature wide slick cross-ply,6.7,6.7,6.7,4.7,4.7,4.7,4.7,4.7,4.7,4.7,4.7,4.7,4.7,6.7,4.7,4.7,6.7,4.7,4.7,4.7,4.7,5.2,compound_menu; construction; geometry; supplier_product_identity,aligning_torque_trail; camber_behavior; degradation; failure_behavior,aligning_torque_trail; camber_behavior; degradation; failure_behavior,architecture-correct but numerically weak,0,5.2,MECHANISM_ONLY,100.0,0,0.0,0.2,5.4,50,BLOCKED — no digitized curves; racing applicability review required,"Architecture/evidence-routing readiness only; not added grip, stiffness, pressure, thermal or wear calibration confidence",50,0
FAM036,1969-71 touring / Trans-Am transition,9.6,9.2,9.6,4.4,3.6,3.6,3.6,3.6,3.8,3.6,3.6,4.7,3.6,9.6,3.8,3.6,7.0,4.2,3.8,4.0,3.6,5.1,geometry; supplier_product_identity; wet_intermediate; construction,aligning_torque_trail; degradation; force_moment_data; lateral_stiffness,aligning_torque_trail; degradation; force_moment_data; lateral_stiffness,architecture-correct but numerically weak,86,5.1,MECHANISM_ONLY,100.0,0,0.0,0.2,5.3,51,BLOCKED — no digitized curves; racing applicability review required,"Architecture/evidence-routing readiness only; not added grip, stiffness, pressure, thermal or wear calibration confidence",51,0
FAM033,1968-70 Formula patterned/low-profile transition,7.3,6.3,7.3,4.3,4.3,4.3,4.3,4.3,4.3,4.3,4.3,4.3,4.3,6.3,4.3,4.3,6.3,4.3,4.3,4.3,4.3,4.9,geometry; supplier_product_identity; compound_menu; construction,aligning_torque_trail; camber_behavior; degradation; failure_behavior,aligning_torque_trail; camber_behavior; degradation; failure_behavior,mostly reconstructed,1,4.9,MECHANISM_ONLY,100.0,0,0.0,0.2,5.1,52,BLOCKED — no digitized curves; racing applicability review required,"Architecture/evidence-routing readiness only; not added grip, stiffness, pressure, thermal or wear calibration confidence",52,0
FAM041,1992-97 Formula 1 mature 13-inch radial slick,6.4,6.4,6.4,4.4,4.4,4.4,4.4,4.4,4.4,4.4,4.4,4.4,4.4,6.4,4.4,4.4,6.4,4.4,4.4,4.4,4.4,4.9,compound_menu; construction; geometry; supplier_product_identity,aligning_torque_trail; camber_behavior; degradation; failure_behavior,aligning_torque_trail; camber_behavior; degradation; failure_behavior,mostly reconstructed,0,4.9,MECHANISM_ONLY,100.0,0,0.0,0.2,5.1,53,BLOCKED — no digitized curves; racing applicability review required,"Architecture/evidence-routing readiness only; not added grip, stiffness, pressure, thermal or wear calibration confidence",53,0
FAM044,2007-08 Formula 1 Bridgestone control grooved,6.3,6.3,6.3,4.3,4.3,4.3,4.3,4.3,4.3,4.3,4.3,4.3,4.3,6.3,4.3,4.3,6.3,4.3,4.3,4.3,4.3,4.8,compound_menu; construction; geometry; supplier_product_identity,aligning_torque_trail; camber_behavior; degradation; failure_behavior,aligning_torque_trail; camber_behavior; degradation; failure_behavior,mostly reconstructed,0,4.8,MECHANISM_ONLY,100.0,0,0.0,0.2,5.0,54,BLOCKED — no digitized curves; racing applicability review required,"Architecture/evidence-routing readiness only; not added grip, stiffness, pressure, thermal or wear calibration confidence",54,0
FAM062,2017-20 WEC LMP1 late hybrid endurance radial,6.1,6.1,7.2,4.1,4.1,4.1,4.1,4.1,4.1,4.1,4.1,4.1,4.1,6.1,4.1,4.1,6.1,4.1,4.1,5.2,4.1,4.7,supplier_product_identity; compound_menu; construction; geometry,aligning_torque_trail; camber_behavior; degradation; failure_behavior,aligning_torque_trail; camber_behavior; degradation; failure_behavior,mostly reconstructed,1,4.7,MECHANISM_ONLY,100.0,0,0.0,0.2,4.9,55,BLOCKED — no digitized curves; racing applicability review required,"Architecture/evidence-routing readiness only; not added grip, stiffness, pressure, thermal or wear calibration confidence",55,0
FAM007,1980s prototype radial / Group C,9.1,9.0,9.1,4.3,3.1,3.1,3.1,3.1,3.6,3.1,3.1,4.7,3.1,6.7,3.1,3.1,6.4,4.6,4.6,3.6,3.1,4.6,geometry; supplier_product_identity; construction; wet_intermediate,aligning_torque_trail; degradation; force_moment_data; lateral_stiffness,aligning_torque_trail; degradation; force_moment_data; lateral_stiffness,mostly reconstructed,40,4.6,MECHANISM_ONLY,100.0,0,0.0,0.2,4.8,56,BLOCKED — no digitized curves; racing applicability review required,"Architecture/evidence-routing readiness only; not added grip, stiffness, pressure, thermal or wear calibration confidence",56,0
FAM028,Early Group C / World Endurance transition,9.1,9.0,9.1,4.3,3.1,3.1,3.1,3.1,3.3,3.1,3.1,4.7,3.1,6.7,3.1,3.1,6.5,4.6,4.6,3.6,3.1,4.6,geometry; supplier_product_identity; construction; wet_intermediate,aligning_torque_trail; degradation; force_moment_data; lateral_stiffness,aligning_torque_trail; degradation; force_moment_data; lateral_stiffness,mostly reconstructed,45,4.6,MECHANISM_ONLY,100.0,0,0.0,0.2,4.8,57,BLOCKED — no digitized curves; racing applicability review required,"Architecture/evidence-routing readiness only; not added grip, stiffness, pressure, thermal or wear calibration confidence",57,0
FAM029,Late-80s Group C / WSPC endurance radial,9.1,8.9,9.1,4.3,3.1,3.1,3.1,3.1,3.3,3.1,3.1,4.6,3.1,6.7,3.1,3.1,6.5,4.6,4.6,3.6,3.1,4.6,geometry; supplier_product_identity; construction; wet_intermediate,aligning_torque_trail; degradation; force_moment_data; lateral_stiffness,aligning_torque_trail; degradation; force_moment_data; lateral_stiffness,mostly reconstructed,40,4.6,MECHANISM_ONLY,100.0,0,0.0,0.2,4.8,58,BLOCKED — no digitized curves; racing applicability review required,"Architecture/evidence-routing readiness only; not added grip, stiffness, pressure, thermal or wear calibration confidence",58,0
FAM040,1987-91 Formula 1 mature radial slick / qualifier,6.1,6.1,6.1,4.1,4.1,4.1,4.1,4.1,4.1,4.1,4.1,4.1,4.1,6.1,4.1,4.1,6.1,4.1,4.1,4.1,4.1,4.6,compound_menu; construction; geometry; supplier_product_identity,aligning_torque_trail; camber_behavior; degradation; failure_behavior,aligning_torque_trail; camber_behavior; degradation; failure_behavior,mostly reconstructed,0,4.6,MECHANISM_ONLY,100.0,0,0.0,0.2,4.8,59,BLOCKED — no digitized curves; racing applicability review required,"Architecture/evidence-routing readiness only; not added grip, stiffness, pressure, thermal or wear calibration confidence",59,0
FAM034,1967-68 world sportscar early slick/radial branch,6.0,6.0,6.0,4.0,4.0,4.0,4.0,4.0,4.0,4.0,4.0,4.0,4.0,6.0,4.0,4.0,6.0,4.0,4.0,4.0,4.0,4.5,compound_menu; construction; geometry; supplier_product_identity,aligning_torque_trail; camber_behavior; degradation; failure_behavior,aligning_torque_trail; camber_behavior; degradation; failure_behavior,mostly reconstructed,0,4.5,MECHANISM_ONLY,100.0,0,0.0,0.2,4.7,60,BLOCKED — no digitized curves; racing applicability review required,"Architecture/evidence-routing readiness only; not added grip, stiffness, pressure, thermal or wear calibration confidence",60,0
FAM061,2012-16 WEC LMP1 high-load endurance radial,6.0,6.0,6.0,4.0,4.0,4.0,4.0,4.0,4.0,4.0,4.0,4.0,4.0,6.0,4.0,4.0,6.0,4.0,4.0,4.0,4.0,4.5,compound_menu; construction; geometry; supplier_product_identity,aligning_torque_trail; camber_behavior; degradation; failure_behavior,aligning_torque_trail; camber_behavior; degradation; failure_behavior,mostly reconstructed,0,4.5,MECHANISM_ONLY,100.0,0,0.0,0.2,4.7,61,BLOCKED — no digitized curves; racing applicability review required,"Architecture/evidence-routing readiness only; not added grip, stiffness, pressure, thermal or wear calibration confidence",61,0
FAM012,Late-90s FIA GT radial,9.1,8.2,9.1,3.1,3.1,3.1,3.1,3.1,3.1,3.1,3.1,4.2,3.1,7.2,4.7,3.1,5.7,3.1,3.1,3.1,3.1,4.4,geometry; supplier_product_identity; construction; wet_intermediate,aligning_torque_trail; camber_behavior; degradation; failure_behavior,aligning_torque_trail; camber_behavior; degradation; failure_behavior,mostly reconstructed,8,4.4,MECHANISM_ONLY,100.0,0,0.0,0.2,4.6,62,BLOCKED — no digitized curves; racing applicability review required,"Architecture/evidence-routing readiness only; not added grip, stiffness, pressure, thermal or wear calibration confidence",62,0
FAM027,Early-80s Group A touring transition,6.7,7.4,7.3,3.1,3.1,3.1,3.1,3.1,3.3,3.1,3.1,3.8,3.1,5.1,3.1,3.1,5.3,3.6,3.3,3.3,3.1,4.0,construction; supplier_product_identity; geometry; compound_menu,aligning_torque_trail; degradation; force_moment_data; lateral_stiffness,aligning_torque_trail; degradation; force_moment_data; lateral_stiffness,mostly reconstructed,14,4.0,CLOSE_ANALOG,100.0,0,0.0,0.6,4.6,65,BLOCKED — no digitized curves; racing applicability review required,"Architecture/evidence-routing readiness only; not added grip, stiffness, pressure, thermal or wear calibration confidence",63,2
FAM019,Early-60s touring / GT L-section cross-ply,7.2,6.2,7.2,3.1,3.1,3.1,3.1,3.1,3.1,3.1,3.1,3.1,3.1,5.1,3.1,3.1,5.1,3.1,3.1,3.1,3.1,3.8,geometry; supplier_product_identity; construction; compound_menu,aligning_torque_trail; camber_behavior; degradation; failure_behavior,aligning_torque_trail; camber_behavior; degradation; failure_behavior,mostly reconstructed,2,3.8,CLOSE_ANALOG,100.0,0,0.0,0.6,4.4,66,BLOCKED — no digitized curves; racing applicability review required,"Architecture/evidence-routing readiness only; not added grip, stiffness, pressure, thermal or wear calibration confidence",64,2
FAM018,1950s world sports-car / endurance bias,6.2,7.2,7.7,3.1,3.1,3.1,3.1,3.1,3.1,3.1,3.1,3.1,3.1,6.4,3.1,3.1,7.2,4.7,3.1,3.1,3.1,4.1,supplier_product_identity; compound_menu; construction; wet_intermediate,aligning_torque_trail; camber_behavior; degradation; failure_behavior,aligning_torque_trail; camber_behavior; degradation; failure_behavior,mostly reconstructed,6,4.1,MECHANISM_ONLY,100.0,0,0.0,0.2,4.3,63,BLOCKED — no digitized curves; racing applicability review required,"Architecture/evidence-routing readiness only; not added grip, stiffness, pressure, thermal or wear calibration confidence",65,-2
FAM030,1980s IMSA GTP prototype radial,5.3,5.8,8.1,5.1,3.1,3.1,3.1,3.1,5.1,3.1,3.1,3.1,3.1,5.1,3.1,3.1,6.9,3.1,3.1,4.7,3.1,4.1,supplier_product_identity; compound_menu; construction; geometry,aligning_torque_trail; degradation; failure_behavior; force_moment_data,aligning_torque_trail; degradation; failure_behavior; force_moment_data,mostly reconstructed,5,4.1,MECHANISM_ONLY,100.0,0,0.0,0.2,4.3,64,BLOCKED — no digitized curves; racing applicability review required,"Architecture/evidence-routing readiness only; not added grip, stiffness, pressure, thermal or wear calibration confidence",66,-2
FAM017,1950s touring / saloon competition bias,5.1,5.1,5.1,3.1,3.1,3.1,3.1,3.1,3.1,3.1,3.1,3.1,3.1,5.1,3.1,3.1,5.1,3.1,3.1,3.1,3.1,3.6,compound_menu; construction; geometry; supplier_product_identity,aligning_torque_trail; camber_behavior; degradation; failure_behavior,aligning_torque_trail; camber_behavior; degradation; failure_behavior,mostly reconstructed,0,3.6,CLOSE_ANALOG,100.0,0,0.0,0.6,4.2,78,BLOCKED — no digitized curves; racing applicability review required,"Architecture/evidence-routing readiness only; not added grip, stiffness, pressure, thermal or wear calibration confidence",67,11
FAM021,Late-60s touring / Trans-Am competition bias,5.1,5.1,5.7,3.1,3.1,3.1,3.1,3.1,3.1,3.1,3.1,3.1,3.1,5.1,3.1,3.1,5.1,3.1,3.1,3.1,3.1,3.6,supplier_product_identity; compound_menu; construction; geometry,aligning_torque_trail; camber_behavior; degradation; failure_behavior,aligning_torque_trail; camber_behavior; degradation; failure_behavior,mostly reconstructed,1,3.6,CLOSE_ANALOG,100.0,0,0.0,0.6,4.2,80,BLOCKED — no digitized curves; racing applicability review required,"Architecture/evidence-routing readiness only; not added grip, stiffness, pressure, thermal or wear calibration confidence",68,12
FAM031,1980s IMSA GT / Trans-Am competition radial,6.2,6.2,6.7,3.1,3.1,3.1,3.1,3.1,3.1,3.1,3.1,3.1,3.1,5.1,3.1,3.1,5.1,3.1,3.1,3.1,3.1,3.8,supplier_product_identity; construction; geometry; compound_menu,aligning_torque_trail; camber_behavior; degradation; failure_behavior,aligning_torque_trail; camber_behavior; degradation; failure_behavior,mostly reconstructed,2,3.8,MECHANISM_ONLY,100.0,0,0.0,0.2,4.0,67,BLOCKED — no digitized curves; racing applicability review required,"Architecture/evidence-routing readiness only; not added grip, stiffness, pressure, thermal or wear calibration confidence",69,-2
FAM004,Late-60s tire-war F1,5.1,5.1,5.1,3.1,3.1,3.1,3.1,3.1,3.1,3.1,3.1,3.1,3.1,5.1,3.1,3.1,5.1,3.1,3.1,3.1,3.1,3.6,compound_menu; construction; geometry; supplier_product_identity,aligning_torque_trail; camber_behavior; degradation; failure_behavior,aligning_torque_trail; camber_behavior; degradation; failure_behavior,mostly reconstructed,0,3.6,MECHANISM_ONLY,100.0,0,0.0,0.2,3.8,68,BLOCKED — no digitized curves; racing applicability review required,"Architecture/evidence-routing readiness only; not added grip, stiffness, pressure, thermal or wear calibration confidence",70,-2
FAM005,1971-73 Formula slick cross-ply,5.1,5.1,5.1,3.1,3.1,3.1,3.1,3.1,3.1,3.1,3.1,3.1,3.1,5.1,3.1,3.1,5.1,3.1,3.1,3.1,3.1,3.6,compound_menu; construction; geometry; supplier_product_identity,aligning_torque_trail; camber_behavior; degradation; failure_behavior,aligning_torque_trail; camber_behavior; degradation; failure_behavior,mostly reconstructed,0,3.6,MECHANISM_ONLY,100.0,0,0.0,0.2,3.8,69,BLOCKED — no digitized curves; racing applicability review required,"Architecture/evidence-routing readiness only; not added grip, stiffness, pressure, thermal or wear calibration confidence",71,-2
FAM006,Late-70s/early-80s high-load slick,5.1,5.1,5.1,3.1,3.1,3.1,3.1,3.1,3.1,3.1,3.1,3.1,3.1,5.1,3.1,3.1,5.1,3.1,3.1,3.1,3.1,3.6,compound_menu; construction; geometry; supplier_product_identity,aligning_torque_trail; camber_behavior; degradation; failure_behavior,aligning_torque_trail; camber_behavior; degradation; failure_behavior,mostly reconstructed,0,3.6,MECHANISM_ONLY,100.0,0,0.0,0.2,3.8,70,BLOCKED — no digitized curves; racing applicability review required,"Architecture/evidence-routing readiness only; not added grip, stiffness, pressure, thermal or wear calibration confidence",72,-2
FAM008,Late-80s Group A touring radial,5.3,5.1,5.3,3.1,3.1,3.1,3.1,3.1,3.3,3.1,3.1,3.3,3.1,5.1,3.1,3.1,5.1,3.1,3.1,3.1,3.1,3.6,geometry; supplier_product_identity; compound_menu; construction,aligning_torque_trail; degradation; failure_behavior; force_moment_data,aligning_torque_trail; degradation; failure_behavior; force_moment_data,mostly reconstructed,1,3.6,MECHANISM_ONLY,100.0,0,0.0,0.2,3.8,71,BLOCKED — no digitized curves; racing applicability review required,"Architecture/evidence-routing readiness only; not added grip, stiffness, pressure, thermal or wear calibration confidence",73,-2
FAM009,Early one-make GT radial,5.1,5.1,5.1,3.1,3.1,3.1,3.1,3.1,3.1,3.1,3.1,3.1,3.1,5.1,3.1,3.1,5.1,3.1,3.1,3.1,3.1,3.6,compound_menu; construction; geometry; supplier_product_identity,aligning_torque_trail; camber_behavior; degradation; failure_behavior,aligning_torque_trail; camber_behavior; degradation; failure_behavior,mostly reconstructed,0,3.6,MECHANISM_ONLY,100.0,0,0.0,0.2,3.8,72,BLOCKED — no digitized curves; racing applicability review required,"Architecture/evidence-routing readiness only; not added grip, stiffness, pressure, thermal or wear calibration confidence",74,-2
FAM011,ITC/DTM advanced touring radial,5.1,5.1,5.1,3.1,3.1,3.1,3.1,3.1,3.1,3.1,3.1,3.1,3.1,5.1,3.1,3.1,5.1,3.1,3.1,3.1,3.1,3.6,compound_menu; construction; geometry; supplier_product_identity,aligning_torque_trail; camber_behavior; degradation; failure_behavior,aligning_torque_trail; camber_behavior; degradation; failure_behavior,mostly reconstructed,0,3.6,MECHANISM_ONLY,100.0,0,0.0,0.2,3.8,73,BLOCKED — no digitized curves; racing applicability review required,"Architecture/evidence-routing readiness only; not added grip, stiffness, pressure, thermal or wear calibration confidence",75,-2
FAM013,Early-2000s FIA GT / ALMS radial,5.1,5.1,5.1,3.1,3.1,3.1,3.1,3.1,3.1,3.1,3.1,3.1,3.1,5.1,3.1,3.1,5.1,3.1,3.1,3.1,3.1,3.6,compound_menu; construction; geometry; supplier_product_identity,aligning_torque_trail; camber_behavior; degradation; failure_behavior,aligning_torque_trail; camber_behavior; degradation; failure_behavior,mostly reconstructed,0,3.6,MECHANISM_ONLY,100.0,0,0.0,0.2,3.8,74,BLOCKED — no digitized curves; racing applicability review required,"Architecture/evidence-routing readiness only; not added grip, stiffness, pressure, thermal or wear calibration confidence",76,-2
FAM014,2000s NASCAR radial stock-car,5.1,5.1,5.1,3.1,3.1,3.1,3.1,3.1,3.1,3.1,3.1,3.1,3.1,5.1,3.1,3.1,5.1,3.1,3.1,3.1,3.1,3.6,compound_menu; construction; geometry; supplier_product_identity,aligning_torque_trail; camber_behavior; degradation; failure_behavior,aligning_torque_trail; camber_behavior; degradation; failure_behavior,mostly reconstructed,0,3.6,MECHANISM_ONLY,100.0,0,0.0,0.2,3.8,75,BLOCKED — no digitized curves; racing applicability review required,"Architecture/evidence-routing readiness only; not added grip, stiffness, pressure, thermal or wear calibration confidence",77,-2
FAM015,Modern control road-race radial,5.1,5.1,5.1,3.1,3.1,3.1,3.1,3.1,3.1,3.1,3.1,3.1,3.1,5.1,3.1,3.1,5.1,3.1,3.1,3.1,3.1,3.6,compound_menu; construction; geometry; supplier_product_identity,aligning_torque_trail; camber_behavior; degradation; failure_behavior,aligning_torque_trail; camber_behavior; degradation; failure_behavior,mostly reconstructed,0,3.6,MECHANISM_ONLY,100.0,0,0.0,0.2,3.8,76,BLOCKED — no digitized curves; racing applicability review required,"Architecture/evidence-routing readiness only; not added grip, stiffness, pressure, thermal or wear calibration confidence",78,-2
FAM016,Formula Ford cross-ply control tire,5.1,5.1,5.1,3.1,3.1,3.1,3.1,3.1,3.1,3.1,3.1,3.1,3.1,5.1,3.1,3.1,5.1,3.1,3.1,3.1,3.1,3.6,compound_menu; construction; geometry; supplier_product_identity,aligning_torque_trail; camber_behavior; degradation; failure_behavior,aligning_torque_trail; camber_behavior; degradation; failure_behavior,mostly reconstructed,0,3.6,MECHANISM_ONLY,100.0,0,0.0,0.2,3.8,77,BLOCKED — no digitized curves; racing applicability review required,"Architecture/evidence-routing readiness only; not added grip, stiffness, pressure, thermal or wear calibration confidence",79,-2
FAM020,Early-60s world sports-car / prototype cross-ply,5.3,5.3,5.3,3.1,3.1,3.1,3.1,3.1,3.1,3.1,3.1,3.1,3.1,5.1,3.1,3.1,5.1,3.1,3.1,3.1,3.1,3.6,construction; geometry; supplier_product_identity; compound_menu,aligning_torque_trail; camber_behavior; degradation; failure_behavior,aligning_torque_trail; camber_behavior; degradation; failure_behavior,mostly reconstructed,1,3.6,MECHANISM_ONLY,100.0,0,0.0,0.2,3.8,79,BLOCKED — no digitized curves; racing applicability review required,"Architecture/evidence-routing readiness only; not added grip, stiffness, pressure, thermal or wear calibration confidence",80,-1
FAM022,Late-60s world sportscar / Group 4-6 cross-ply,5.1,5.1,5.3,3.1,3.1,3.1,3.1,3.1,3.1,3.1,3.1,3.1,3.1,5.3,3.1,3.1,5.1,3.1,3.1,3.1,3.1,3.6,supplier_product_identity; wet_intermediate; compound_menu; construction,aligning_torque_trail; camber_behavior; degradation; failure_behavior,aligning_torque_trail; camber_behavior; degradation; failure_behavior,mostly reconstructed,1,3.6,MECHANISM_ONLY,100.0,0,0.0,0.2,3.8,81,BLOCKED — no digitized curves; racing applicability review required,"Architecture/evidence-routing readiness only; not added grip, stiffness, pressure, thermal or wear calibration confidence",81,0
FAM023,1970s Group 2 / ETCC touring slick cross-ply,5.3,5.1,5.3,3.1,3.1,3.1,3.1,3.1,3.3,3.1,3.1,3.3,3.1,5.1,3.1,3.1,5.1,3.1,3.1,3.1,3.1,3.6,geometry; supplier_product_identity; compound_menu; construction,aligning_torque_trail; degradation; failure_behavior; force_moment_data,aligning_torque_trail; degradation; failure_behavior; force_moment_data,mostly reconstructed,1,3.6,MECHANISM_ONLY,100.0,0,0.0,0.2,3.8,82,BLOCKED — no digitized curves; racing applicability review required,"Architecture/evidence-routing readiness only; not added grip, stiffness, pressure, thermal or wear calibration confidence",82,0
FAM024,1970s world endurance / sports-prototype slick,5.1,5.1,5.1,3.1,3.1,3.1,3.1,3.1,3.1,3.1,3.1,3.1,3.1,5.1,3.1,3.1,5.1,3.1,3.1,3.1,3.1,3.6,compound_menu; construction; geometry; supplier_product_identity,aligning_torque_trail; camber_behavior; degradation; failure_behavior,aligning_torque_trail; camber_behavior; degradation; failure_behavior,mostly reconstructed,0,3.6,MECHANISM_ONLY,100.0,0,0.0,0.2,3.8,83,BLOCKED — no digitized curves; racing applicability review required,"Architecture/evidence-routing readiness only; not added grip, stiffness, pressure, thermal or wear calibration confidence",83,0
FAM025,Late-70s Group 5 / DRM high-load slick,5.1,5.1,5.1,3.1,3.1,3.1,3.1,3.1,3.1,3.1,3.1,3.1,3.1,5.1,3.1,3.1,5.1,3.1,3.1,3.1,3.1,3.6,compound_menu; construction; geometry; supplier_product_identity,aligning_torque_trail; camber_behavior; degradation; failure_behavior,aligning_torque_trail; camber_behavior; degradation; failure_behavior,mostly reconstructed,0,3.6,MECHANISM_ONLY,100.0,0,0.0,0.2,3.8,84,BLOCKED — no digitized curves; racing applicability review required,"Architecture/evidence-routing readiness only; not added grip, stiffness, pressure, thermal or wear calibration confidence",84,0
FAM026,Late-70s touring / Group 2 slick,5.3,5.1,5.3,3.1,3.1,3.1,3.1,3.1,3.3,3.1,3.1,3.3,3.1,5.1,3.1,3.1,5.1,3.1,3.1,3.1,3.1,3.6,geometry; supplier_product_identity; compound_menu; construction,aligning_torque_trail; degradation; failure_behavior; force_moment_data,aligning_torque_trail; degradation; failure_behavior; force_moment_data,mostly reconstructed,1,3.6,MECHANISM_ONLY,100.0,0,0.0,0.2,3.8,85,BLOCKED — no digitized curves; racing applicability review required,"Architecture/evidence-routing readiness only; not added grip, stiffness, pressure, thermal or wear calibration confidence",85,0
