volume,pb_number,dot_report_no,title,source_file,pdf_pages,identification_packages,sha256
1,PB263440,DOT HS-802 086,Tire Parameter Determination - Volume I Summary,PB263440.pdf,28,0,a17e473a68ae85a9a9cb9e3caef604f027705bd684c19d5b71c36fb848c478cb
2,PB263441,DOT HS-802 087,Tire Parameter Determination - Volume II Part I Test Methodology,PB263441(1).pdf,300,0,e742f3b0ed0bb9e0b0da0e9f64987d6e52164fd841b58616c1c137157f768275
3,PB263442,DOT HS-802 088,Tire Parameter Determination - Volume III Part II (1 of 7) Tire Test Data,PB263442(1).pdf,484,50,a42b572ba9c11b1c7d7c079c841632eed703604421c597bae3fd25b50526a3d2
4,PB263443,DOT HS-802 089,Tire Parameter Determination - Volume IV Part II (2 of 7) Tire Test Data,PB263443(1).pdf,488,53,ed8ed9e323c69ca27b2ce41078c90280053cc300865d6294fc1cad151363559c
5,PB263444,DOT HS-802 090,Tire Parameter Determination - Volume V Part II (3 of 7) Tire Test Data,PB263444(1).pdf,484,45,aa4f2d4de7d1a3e84d839164a5d602038423b4efd26425970fbbfc48b25a1f3d
6,PB263445,DOT HS-802 091,Tire Parameter Determination - Volume VI Part II (4 of 7) Tire Test Data,PB263445(1).pdf,488,53,b96e16e461c7f3b0b31d8a8e63da851ebd9209b0e04eadb13048424bc09bf4c6
7,PB263446,DOT HS-802 092,Tire Parameter Determination - Volume VII Part II (5 of 7) Tire Test Data,PB263446(1).pdf,474,57,74a905a6c0ae5109d56742057c6671b009a8159bb2de9ed87b4bd4b0b37f9f29
8,PB263447,DOT HS-802 093,Tire Parameter Determination - Volume VIII Part II (6 of 7) Tire Test Data,PB263447(1).pdf,444,57,df9b33e6144c2ce12a7040b324f65c8ab871131977f18076b062d56b7b30ba34
9,PB263448,DOT HS-802 094,Tire Parameter Determination - Volume IX Part II (7 of 7) Tire Test Data,PB263448(1).pdf,440,43,a17415aafb26b665e6d3a64babcac9606d64e62b69de5c64fb4ba6f48e7097c6
